question,answer
"How do I unlock new levels in the game?","To unlock new levels, you need to complete the objectives and challenges in the current level. Some games also require you to collect specific items or achieve certain milestones to progress to the next level."
"What are the system requirements for running the game?","The system requirements vary by game, but generally include specifications for the CPU, GPU, RAM, and available storage. Check the game's official website or the digital store page for detailed requirements."
"How can I customize my character in the game?","You can customize your character by accessing the 'Character Customization' menu from the main game screen. Here, you can change your character's appearance, outfits, and accessories. Some customizations may require in-game currency or special items."
"What should I do if I encounter a bug in the game?","If you encounter a bug, report it to the game's support team through their official website or forums. Provide detailed information about the issue, including any error messages and steps to reproduce the bug. Updates and patches are often released to fix known issues."
"How can I earn in-game currency?","In-game currency can typically be earned by completing missions, winning battles, or achieving certain goals. Some games also offer currency through daily login rewards or special events."
"Is there a multiplayer mode in the game?","Yes, many games offer a multiplayer mode where you can play with or against other players online. Check the game's menu or settings to access multiplayer options and join or create a game session."
"How do I save my progress in the game?","Progress is usually saved automatically through the game's save system. However, you can also manually save your game from the 'Save Game' option in the menu. Make sure to save regularly to avoid losing progress."
"Can I transfer my game progress to a new device?","Many games support cloud saving, which allows you to transfer your progress to a new device. Ensure that cloud saving is enabled in the game settings and that you are logged in with the same account on both devices."
"What are achievements and how do I earn them?","Achievements are special goals or milestones set by the game that reward you with badges or trophies. You earn them by completing specific tasks or reaching certain points in the game. Check the 'Achievements' menu to view your progress and the criteria for each achievement."
"How do I access game settings or options?","To access game settings, go to the main menu and select 'Options' or 'Settings'. Here, you can adjust audio, video, control preferences, and other game settings to enhance your gaming experience."
